File Name,Hash
A Thousand Years(instruments).wav,ead9d6ca35a83252
A Thousand Years(lyrics).wav,cad312de1cee14ca
A Thousand Years(original).wav,c8b532cf37e80783
FE!N (Instruments).wav,99f70dcf0c8a08d7
FE!N (Vocals).wav,fb060e495f6c10ed
FE!N.wav,8c1619eb90955fe3
Group19_ShadowOfMine_Full.wav,ec106332e5d362f9
Group19_ShadowOfMine_Music.wav,9080c9c56ffe33d1
Group19_ShadowOfMine_Vocals.wav,e99427a330db12ed
Group20_HitTheRoadJack_Full.wav,d0ff478706ac4b85
Group20_HitTheRoadJack_Music.wav,e4bb4797178c0a8d
Group20_HitTheRoadJack_Vocals.wav,838779623e798d91
Group6_Alkanas_Full.wav,83a5b8f8edaac18c
Group6_Alkanas_Music.wav,bcbcb8d3d1a1c189
Group6_Alkanas_Vocals.wav,83818dec6dcb8b9c
Group7_SweetDreams_Full.wav,87f8738e518e6685
Group7_SweetDreams_Music.wav,f1f18e0b635331b1
Group7_SweetDreams_Vocals.wav,87b8788e798b6691
Hit the Road Jack (instruments).wav,d0ff0ed72f930890
Hit the Road Jack (Original).wav,81fd55de1ad22e88
Hit the Road Jack (vocals).wav,8f8a774978669aa2
Let Her Go (Instrumental).wav,bde2548657a071ba
Let Her Go (Original).wav,9d7ac79c438823bc
Let Her Go (Vocals).wav,d3ac9d8daeac2894
Nina_Cried_Power(music).wav,d0a60d9d5ad566b1
Nina_Cried_Power(original).wav,fac50d8d41eb29f0
Nina_Cried_Power(vocals).wav,dec9619d30ef4892
Rolling_in_the_deep(Instruments).wav,91b1e6dc9c6613b2
Rolling_in_the_deep(Lyrics).wav,83c77e5d392098ba
Rolling_in_the_deep(Original).wav,81a67e399946d1b9
Save-your-tears(instruments).wav,d2ad2dda3f8111b8
Save-your-tears(lyrcis).wav,97cb48b5638163cb
Save-your-tears(original).wav,86f9788753e67098
Shake It Out (instruments) (2).wav,80bc7fffad230580
Shake It Out (lyrics) (2).wav,accb25e061bd42af
Shake It Out (original) (2).wav,81fa77c048bc5cb5
sky [music].mp3,b8bbd7c04a21b43e
sky [music].wav,b8bbd7c04a21b43e
sky [vocals].mp3,a5935a9d9e8b58a8
sky [vocals].wav,a5935a9d9e8b58a8
sky.mp3,a1fe5cc1c52356a5
sky.wav,a1fe5cc1c52356a5
SomeLikeYou-Lyrics.wav,969f6db020acdfa0
SomeLikeYou-Music.wav,868686afaf2f0f12
SomeLikeYou-Song.wav,969dacb230ecdd81
Something Just Like That(Instruments).wav,b29c9ac9c4e4e663
Something Just Like That(Lyrics).wav,a37c5fc0f0e90d86
Somthing Just Like That(Original).wav,a39d1fc8e27103d5
Team9_Please_Please_Please_full.wav,a24b30cbc5ffc152
Team9_Please_Please_Please_music.wav,89f619994ba9528f
Team9_Please_Please_Please_vocal.wav,be6950964bb04dbc
wen_elkhael [music].wav,97e22e946d9f00c7
wen_elkhael [vocals].wav,9abbe96d44101b3b
wen_elkhael[music+vocals].wav,95e02e146e9f2ace
Ya Lala(instruments).wav,a3cc19d3589363ba
Ya Lala(lyrics).wav,e49ba995543493cd
Ya Lala(original).wav,a3c523df12e321ea
